
{
  "ASU-Brickyard" : 
  {
    "address" : "699 S Mill Ave,\nTempe, AZ 85281",
    "ele" : 1300.0,
    "lat" : 33.42350,
    "lon" : -111.93890,
    "name" : "ASU-Brickyard",
    "category" : "School"
  },
  "ASU-Poly" : 
  {
    "address" : "7171 E Sonoran Arroyo Mall\nPeralta Hall 230\nMesa AZ 85212",
    "ele" : 1300.0,
    "lat" : 33.30560,
    "lon" : -111.67880,
    "name" : "ASU-Poly",
    "category" : "School"
  },
  "UAK-Anchorage" : 
  {
    "address" : "Anchorage AK",
    "ele" : 102.0,
    "lat" : 61.21670,
    "lon" : -149.90,
    "name" : "UAK-Anchorage",
    "category" : "School"
  },
  "Toreros" : 
  {
    "address" : "Univ Of San Diego",
    "ele" : 60.0,
    "lat" : 32.7711,
    "lon" : -117.1875,
    "name" : "Toreros",
    "category" : "School"
  },
  "Barrow-Alaska" : 
  {
    "address" : "",
    "ele" : 10.0,
    "lat" : 71.29559999999999,
    "lon" : -156.76640,
    "name" : "Barrow-Alaska",
    "category" : "Travel"
  },
  "Calgary-Alberta" : 
  {
    "address" : "",
    "ele" : 1048.0,
    "lat" : 51.04530,
    "lon" : -114.05810,
    "name" : "Calgary-Alberta",
    "category" : "Travel"
  },
  "London-England" : 
  {
    "address" : "",
    "ele" : 79.0,
    "lat" : 51.50720,
    "lon" : 0.12750,
    "name" : "London-England",
    "category" : "Travel"
  },
  "Moscow-Russia" : 
  {
    "address" : "",
    "ele" : 495.0,
    "lat" : 55.750,
    "lon" : 37.61670,
    "name" : "Moscow-Russia",
    "category" : "Travel"
  },
  "New-York-NY" : 
  {
    "address" : "",
    "ele" : 85.0,
    "lat" : 40.71270,
    "lon" : -74.00590,
    "name" : "New-York-NY",
    "category" : "Travel"
  },
  "Paris-France" : 
  {
    "address" : "",
    "ele" : 115.0,
    "lat" : 48.85670,
    "lon" : 2.35080,
    "name" : "Paris-France",
    "category" : "Travel"
  },
  "Salt-Lake-City-UT" : 
  {
    "address" : "",
    "ele" : 4226.0,
    "lat" : 40.76080,
    "lon" : -111.8910,
    "name" : "Salt-Lake-City-UT",
    "category" : "Travel"
  },
  "Circlestone" : 
  {
    "address" : "Superstition Wilderness",
    "ele" : 6000,
    "lat" : 33.4772,
    "lon" : -111.1344,
    "name" : "Circlestone",
    "category":"Hike"
  },
  "Windcave-Peak" : 
  {
    "address" : "Usery Park",
    "ele" : 3130,
    "lat" : 33.4759,
    "lon" : -111.5957,
    "name" : "Windcave-Peak",
    "category":"Hike"
  },
  "MuirWoods" : 
  {
    "address" : "MuirWoods-NM",
    "ele" : 350,
    "lat" : 37.8912,
    "lon" : -122.5709,
    "name" : "MuirWoods",
    "category":"Hike"
  },
  "EzKimInZin" : 
  {
    "address" : "Saguaro-NM",
    "ele" : 2955,
    "lat" : 32.2855,
    "lon" : -111.1695,
    "name" : "EzKimInZin",
    "category":"Hike"
  }
}
